{
  "batch_idx": 9,
  "start_frame": 810,
  "end_frame": 899,
  "chunk_stats": {
    "frames_processed": 90,
    "detections_count": 1480,
    "events_count": 2,
    "possession_team": 1,
    "possession_player": 2,
    "spatial": {
      "calibration_valid": true,
      "possession_by_zone": {
        "0": [
          0,
          0,
          0,
          0,
          0,
          0,
          0,
          0,
          0
        ],
        "1": [
          0,
          110,
          110,
          10,
          10,
          0,
          2,
          0,
          0
        ]
      },
      "zone_percentages": {
        "0": [
          0.0,
          0.0,
          0.0,
          0.0,
          0.0,
          0.0,
          0.0,
          0.0,
          0.0
        ],
        "1": [
          0.0,
          45.45454545454545,
          45.45454545454545,
          4.132231404958678,
          4.132231404958678,
          0.0,
          0.8264462809917356,
          0.0,
          0.0
        ]
      },
      "zone_partition_type": "thirds_lanes",
      "num_zones": 9
    }
  },
  "processing_time_ms": 4931.16021156311
}