{
  "batch_idx": 16,
  "start_frame": 1440,
  "end_frame": 1529,
  "chunk_stats": {
    "frames_processed": 90,
    "detections_count": 1140,
    "events_count": 0,
    "possession_team": 0,
    "possession_player": 15,
    "spatial": {
      "calibration_valid": true,
      "possession_by_zone": {
        "0": [
          0,
          0,
          0,
          0,
          0,
          0,
          0,
          0,
          0
        ],
        "1": [
          0,
          110,
          132,
          10,
          42,
          65,
          2,
          0,
          0
        ]
      },
      "zone_percentages": {
        "0": [
          0.0,
          0.0,
          0.0,
          0.0,
          0.0,
          0.0,
          0.0,
          0.0,
          0.0
        ],
        "1": [
          0.0,
          30.47091412742382,
          36.56509695290859,
          2.7700831024930745,
          11.634349030470915,
          18.005540166204987,
          0.554016620498615,
          0.0,
          0.0
        ]
      },
      "zone_partition_type": "thirds_lanes",
      "num_zones": 9
    }
  },
  "processing_time_ms": 4439.601421356201
}