{
  "batch_idx": 11,
  "start_frame": 990,
  "end_frame": 1079,
  "chunk_stats": {
    "frames_processed": 90,
    "detections_count": 1024,
    "events_count": 2,
    "possession_team": 0,
    "possession_player": 7,
    "spatial": {
      "calibration_valid": true,
      "possession_by_zone": {
        "0": [
          0,
          0,
          0,
          0,
          0,
          0,
          0,
          0,
          0
        ],
        "1": [
          0,
          110,
          123,
          10,
          17,
          0,
          2,
          0,
          0
        ]
      },
      "zone_percentages": {
        "0": [
          0.0,
          0.0,
          0.0,
          0.0,
          0.0,
          0.0,
          0.0,
          0.0,
          0.0
        ],
        "1": [
          0.0,
          41.98473282442748,
          46.94656488549619,
          3.816793893129771,
          6.488549618320611,
          0.0,
          0.7633587786259541,
          0.0,
          0.0
        ]
      },
      "zone_partition_type": "thirds_lanes",
      "num_zones": 9
    }
  },
  "processing_time_ms": 6371.536493301392
}