{
  "batch_idx": 15,
  "start_frame": 1350,
  "end_frame": 1439,
  "chunk_stats": {
    "frames_processed": 90,
    "detections_count": 955,
    "events_count": 2,
    "possession_team": 0,
    "possession_player": 15,
    "spatial": {
      "calibration_valid": true,
      "possession_by_zone": {
        "0": [
          0,
          0,
          0,
          0,
          0,
          0,
          0,
          0,
          0
        ],
        "1": [
          0,
          110,
          132,
          10,
          42,
          2,
          2,
          0,
          0
        ]
      },
      "zone_percentages": {
        "0": [
          0.0,
          0.0,
          0.0,
          0.0,
          0.0,
          0.0,
          0.0,
          0.0,
          0.0
        ],
        "1": [
          0.0,
          36.91275167785235,
          44.29530201342282,
          3.3557046979865772,
          14.093959731543624,
          0.6711409395973155,
          0.6711409395973155,
          0.0,
          0.0
        ]
      },
      "zone_partition_type": "thirds_lanes",
      "num_zones": 9
    }
  },
  "processing_time_ms": 4280.20715713501
}