{
  "batch_idx": 17,
  "start_frame": 1530,
  "end_frame": 1619,
  "chunk_stats": {
    "frames_processed": 90,
    "detections_count": 1105,
    "events_count": 5,
    "possession_team": 0,
    "possession_player": 10,
    "spatial": {
      "calibration_valid": true,
      "possession_by_zone": {
        "0": [
          0,
          0,
          0,
          0,
          0,
          0,
          0,
          0,
          0
        ],
        "1": [
          0,
          110,
          136,
          10,
          42,
          106,
          2,
          0,
          0
        ]
      },
      "zone_percentages": {
        "0": [
          0.0,
          0.0,
          0.0,
          0.0,
          0.0,
          0.0,
          0.0,
          0.0,
          0.0
        ],
        "1": [
          0.0,
          27.093596059113302,
          33.497536945812804,
          2.4630541871921183,
          10.344827586206897,
          26.108374384236456,
          0.49261083743842365,
          0.0,
          0.0
        ]
      },
      "zone_partition_type": "thirds_lanes",
      "num_zones": 9
    }
  },
  "processing_time_ms": 4555.353164672852
}