{
  "batch_idx": 7,
  "start_frame": 630,
  "end_frame": 719,
  "chunk_stats": {
    "frames_processed": 90,
    "detections_count": 1428,
    "events_count": 2,
    "possession_team": 0,
    "possession_player": 3,
    "spatial": {
      "calibration_valid": true,
      "possession_by_zone": {
        "0": [
          0,
          0,
          0,
          0,
          0,
          0,
          0,
          0,
          0
        ],
        "1": [
          0,
          110,
          91,
          0,
          10,
          0,
          2,
          0,
          0
        ]
      },
      "zone_percentages": {
        "0": [
          0.0,
          0.0,
          0.0,
          0.0,
          0.0,
          0.0,
          0.0,
          0.0,
          0.0
        ],
        "1": [
          0.0,
          51.64319248826291,
          42.72300469483568,
          0.0,
          4.694835680751173,
          0.0,
          0.9389671361502347,
          0.0,
          0.0
        ]
      },
      "zone_partition_type": "thirds_lanes",
      "num_zones": 9
    }
  },
  "processing_time_ms": 5299.288272857666
}