{
  "batch_idx": 8,
  "start_frame": 720,
  "end_frame": 809,
  "chunk_stats": {
    "frames_processed": 90,
    "detections_count": 1658,
    "events_count": 1,
    "possession_team": 0,
    "possession_player": 10,
    "spatial": {
      "calibration_valid": true,
      "possession_by_zone": {
        "0": [
          0,
          0,
          0,
          0,
          0,
          0,
          0,
          0,
          0
        ],
        "1": [
          0,
          110,
          103,
          0,
          10,
          0,
          2,
          0,
          0
        ]
      },
      "zone_percentages": {
        "0": [
          0.0,
          0.0,
          0.0,
          0.0,
          0.0,
          0.0,
          0.0,
          0.0,
          0.0
        ],
        "1": [
          0.0,
          48.888888888888886,
          45.77777777777778,
          0.0,
          4.444444444444445,
          0.0,
          0.8888888888888888,
          0.0,
          0.0
        ]
      },
      "zone_partition_type": "thirds_lanes",
      "num_zones": 9
    }
  },
  "processing_time_ms": 4910.3076457977295
}