{
  "batch_idx": 12,
  "start_frame": 1080,
  "end_frame": 1169,
  "chunk_stats": {
    "frames_processed": 90,
    "detections_count": 817,
    "events_count": 2,
    "possession_team": 1,
    "possession_player": 11,
    "spatial": {
      "calibration_valid": true,
      "possession_by_zone": {
        "0": [
          0,
          0,
          0,
          0,
          0,
          0,
          0,
          0,
          0
        ],
        "1": [
          0,
          110,
          133,
          10,
          20,
          0,
          2,
          0,
          0
        ]
      },
      "zone_percentages": {
        "0": [
          0.0,
          0.0,
          0.0,
          0.0,
          0.0,
          0.0,
          0.0,
          0.0,
          0.0
        ],
        "1": [
          0.0,
          40.0,
          48.36363636363637,
          3.6363636363636362,
          7.2727272727272725,
          0.0,
          0.7272727272727273,
          0.0,
          0.0
        ]
      },
      "zone_partition_type": "thirds_lanes",
      "num_zones": 9
    }
  },
  "processing_time_ms": 4340.451240539551
}