{
  "batch_idx": 9,
  "start_frame": 810,
  "end_frame": 899,
  "chunk_stats": {
    "frames_processed": 90,
    "detections_count": 1447,
    "events_count": 2,
    "possession_team": 1,
    "possession_player": 20,
    "spatial": {
      "calibration_valid": true,
      "possession_by_zone": {
        "0": [
          0,
          0,
          0,
          0,
          0,
          0,
          0,
          0,
          0
        ],
        "1": [
          0,
          110,
          112,
          10,
          10,
          0,
          2,
          0,
          0
        ]
      },
      "zone_percentages": {
        "0": [
          0.0,
          0.0,
          0.0,
          0.0,
          0.0,
          0.0,
          0.0,
          0.0,
          0.0
        ],
        "1": [
          0.0,
          45.08196721311475,
          45.90163934426229,
          4.098360655737705,
          4.098360655737705,
          0.0,
          0.819672131147541,
          0.0,
          0.0
        ]
      },
      "zone_partition_type": "thirds_lanes",
      "num_zones": 9
    }
  },
  "processing_time_ms": 4860.980987548828
}