{
  "batch_idx": 8,
  "start_frame": 720,
  "end_frame": 809,
  "chunk_stats": {
    "frames_processed": 90,
    "detections_count": 1658,
    "events_count": 1,
    "possession_team": 0,
    "possession_player": 13,
    "spatial": {
      "calibration_valid": true,
      "possession_by_zone": {
        "0": [
          0,
          0,
          0,
          0,
          0,
          0,
          0,
          0,
          0
        ],
        "1": [
          0,
          110,
          105,
          0,
          10,
          0,
          2,
          0,
          0
        ]
      },
      "zone_percentages": {
        "0": [
          0.0,
          0.0,
          0.0,
          0.0,
          0.0,
          0.0,
          0.0,
          0.0,
          0.0
        ],
        "1": [
          0.0,
          48.458149779735685,
          46.25550660792951,
          0.0,
          4.405286343612335,
          0.0,
          0.881057268722467,
          0.0,
          0.0
        ]
      },
      "zone_partition_type": "thirds_lanes",
      "num_zones": 9
    }
  },
  "processing_time_ms": 4888.267278671265
}