{
  "batch_idx": 20,
  "start_frame": 1800,
  "end_frame": 1889,
  "chunk_stats": {
    "frames_processed": 90,
    "detections_count": 1147,
    "events_count": 1,
    "possession_team": 0,
    "possession_player": 19,
    "spatial": {
      "calibration_valid": true,
      "possession_by_zone": {
        "0": [
          0,
          0,
          0,
          0,
          0,
          0,
          0,
          0,
          0
        ],
        "1": [
          2,
          123,
          153,
          10,
          42,
          106,
          2,
          0,
          0
        ]
      },
      "zone_percentages": {
        "0": [
          0.0,
          0.0,
          0.0,
          0.0,
          0.0,
          0.0,
          0.0,
          0.0,
          0.0
        ],
        "1": [
          0.45662100456621,
          28.08219178082192,
          34.93150684931507,
          2.28310502283105,
          9.58904109589041,
          24.200913242009133,
          0.45662100456621,
          0.0,
          0.0
        ]
      },
      "zone_partition_type": "thirds_lanes",
      "num_zones": 9
    },
    "alerts": [
      {
        "id": "alert_1_1776158630",
        "timestamp": 1776158630.463827,
        "frame_id": 1889,
        "type": "zone",
        "severity": "info",
        "title": "\ud83d\udccd Concentraci\u00f3n t\u00e1ctica - Equipo 1",
        "message": "Equipo 1 concentrando su juego en: Zone_2, Zone_1 (63% de la posesi\u00f3n)",
        "team_id": 1,
        "data": {
          "dominant_zones": [
            "Zone_2",
            "Zone_1"
          ],
          "concentration": 0.6301369863013699,
          "pattern": "focused"
        }
      },
      {
        "id": "alert_2_1776158630",
        "timestamp": 1776158630.464409,
        "frame_id": 1889,
        "type": "tactical",
        "severity": "info",
        "title": "\ud83d\udccb Resumen - Minuto 1",
        "message": "\u23f1\ufe0f Minuto 1:02\n\ud83d\udcca Equipo 0 domina: 59.8% vs 40.2%\n\u26bd Pases: Equipo 0 (14) vs Equipo 1 (9)",
        "team_id": null,
        "data": {
          "time_minutes": 1,
          "possession_percent": {
            "0": 59.82195845697329,
            "1": 40.1780415430267,
            "-1": 0.0
          },
          "passes": {
            "0": 14,
            "1": 9
          }
        }
      }
    ]
  },
  "processing_time_ms": 5547.014236450195
}