{
  "batch_idx": 7,
  "start_frame": 630,
  "end_frame": 719,
  "chunk_stats": {
    "frames_processed": 90,
    "detections_count": 1445,
    "events_count": 5,
    "possession_team": 0,
    "possession_player": 18,
    "spatial": {
      "calibration_valid": true,
      "possession_by_zone": {
        "0": [
          0,
          0,
          0,
          0,
          0,
          0,
          0,
          0,
          0
        ],
        "1": [
          0,
          110,
          93,
          0,
          10,
          0,
          2,
          0,
          0
        ]
      },
      "zone_percentages": {
        "0": [
          0.0,
          0.0,
          0.0,
          0.0,
          0.0,
          0.0,
          0.0,
          0.0,
          0.0
        ],
        "1": [
          0.0,
          51.162790697674424,
          43.25581395348837,
          0.0,
          4.651162790697675,
          0.0,
          0.9302325581395349,
          0.0,
          0.0
        ]
      },
      "zone_partition_type": "thirds_lanes",
      "num_zones": 9
    }
  },
  "processing_time_ms": 5391.342878341675
}