{
  "batch_idx": 11,
  "start_frame": 990,
  "end_frame": 1079,
  "chunk_stats": {
    "frames_processed": 90,
    "detections_count": 1118,
    "events_count": 0,
    "possession_team": 1,
    "possession_player": 12,
    "spatial": {
      "calibration_valid": true,
      "possession_by_zone": {
        "0": [
          0,
          0,
          0,
          0,
          0,
          0,
          0,
          0,
          0
        ],
        "1": [
          0,
          110,
          125,
          10,
          17,
          0,
          2,
          0,
          0
        ]
      },
      "zone_percentages": {
        "0": [
          0.0,
          0.0,
          0.0,
          0.0,
          0.0,
          0.0,
          0.0,
          0.0,
          0.0
        ],
        "1": [
          0.0,
          41.66666666666667,
          47.34848484848485,
          3.787878787878788,
          6.4393939393939394,
          0.0,
          0.7575757575757576,
          0.0,
          0.0
        ]
      },
      "zone_partition_type": "thirds_lanes",
      "num_zones": 9
    }
  },
  "processing_time_ms": 4794.8973178863525
}