{
  "batch_idx": 472,
  "start_frame": 1890,
  "end_frame": 1893,
  "chunk_stats": {
    "frames_processed": 4,
    "detections_count": 51,
    "events_count": 0,
    "possession_team": 0,
    "possession_player": 19,
    "spatial": {
      "calibration_valid": true,
      "possession_by_zone": {
        "0": [
          0,
          0,
          0,
          0,
          0,
          0,
          0,
          0,
          0
        ],
        "1": [
          2,
          123,
          153,
          10,
          42,
          106,
          2,
          0,
          0
        ]
      },
      "zone_percentages": {
        "0": [
          0.0,
          0.0,
          0.0,
          0.0,
          0.0,
          0.0,
          0.0,
          0.0,
          0.0
        ],
        "1": [
          0.45662100456621,
          28.08219178082192,
          34.93150684931507,
          2.28310502283105,
          9.58904109589041,
          24.200913242009133,
          0.45662100456621,
          0.0,
          0.0
        ]
      },
      "zone_partition_type": "thirds_lanes",
      "num_zones": 9
    }
  },
  "processing_time_ms": 370.1140880584717
}