{
  "batch_idx": 15,
  "start_frame": 1350,
  "end_frame": 1439,
  "chunk_stats": {
    "frames_processed": 90,
    "detections_count": 975,
    "events_count": 3,
    "possession_team": 1,
    "possession_player": 4,
    "spatial": {
      "calibration_valid": true,
      "possession_by_zone": {
        "0": [
          0,
          0,
          0,
          0,
          0,
          0,
          0,
          0,
          0
        ],
        "1": [
          0,
          110,
          134,
          10,
          42,
          2,
          2,
          0,
          0
        ]
      },
      "zone_percentages": {
        "0": [
          0.0,
          0.0,
          0.0,
          0.0,
          0.0,
          0.0,
          0.0,
          0.0,
          0.0
        ],
        "1": [
          0.0,
          36.666666666666664,
          44.666666666666664,
          3.3333333333333335,
          14.000000000000002,
          0.6666666666666667,
          0.6666666666666667,
          0.0,
          0.0
        ]
      },
      "zone_partition_type": "thirds_lanes",
      "num_zones": 9
    }
  },
  "processing_time_ms": 4442.134141921997
}