{
  "batch_idx": 10,
  "start_frame": 900,
  "end_frame": 989,
  "chunk_stats": {
    "frames_processed": 90,
    "detections_count": 1378,
    "events_count": 1,
    "possession_team": 1,
    "possession_player": 12,
    "spatial": {
      "calibration_valid": true,
      "possession_by_zone": {
        "0": [
          0,
          0,
          0,
          0,
          0,
          0,
          0,
          0,
          0
        ],
        "1": [
          0,
          110,
          125,
          10,
          10,
          0,
          2,
          0,
          0
        ]
      },
      "zone_percentages": {
        "0": [
          0.0,
          0.0,
          0.0,
          0.0,
          0.0,
          0.0,
          0.0,
          0.0,
          0.0
        ],
        "1": [
          0.0,
          42.80155642023346,
          48.63813229571984,
          3.8910505836575875,
          3.8910505836575875,
          0.0,
          0.7782101167315175,
          0.0,
          0.0
        ]
      },
      "zone_partition_type": "thirds_lanes",
      "num_zones": 9
    }
  },
  "processing_time_ms": 5150.2649784088135
}