{
  "batch_idx": 18,
  "start_frame": 1620,
  "end_frame": 1709,
  "chunk_stats": {
    "frames_processed": 90,
    "detections_count": 1016,
    "events_count": 2,
    "possession_team": 0,
    "possession_player": 7,
    "spatial": {
      "calibration_valid": true,
      "possession_by_zone": {
        "0": [
          0,
          0,
          0,
          0,
          0,
          0,
          0,
          0,
          0
        ],
        "1": [
          2,
          123,
          151,
          10,
          42,
          106,
          2,
          0,
          0
        ]
      },
      "zone_percentages": {
        "0": [
          0.0,
          0.0,
          0.0,
          0.0,
          0.0,
          0.0,
          0.0,
          0.0,
          0.0
        ],
        "1": [
          0.45871559633027525,
          28.211009174311926,
          34.63302752293578,
          2.293577981651376,
          9.63302752293578,
          24.31192660550459,
          0.45871559633027525,
          0.0,
          0.0
        ]
      },
      "zone_partition_type": "thirds_lanes",
      "num_zones": 9
    }
  },
  "processing_time_ms": 4186.824560165405
}