{
  "batch_idx": 5,
  "start_frame": 450,
  "end_frame": 539,
  "chunk_stats": {
    "frames_processed": 90,
    "detections_count": 1160,
    "events_count": 2,
    "possession_team": 1,
    "possession_player": 15,
    "spatial": {
      "calibration_valid": true,
      "possession_by_zone": {
        "0": [
          0,
          0,
          0,
          0,
          0,
          0,
          0,
          0,
          0
        ],
        "1": [
          7,
          7,
          5,
          0,
          0,
          0,
          0,
          0,
          0
        ]
      },
      "zone_percentages": {
        "0": [
          0.0,
          0.0,
          0.0,
          0.0,
          0.0,
          0.0,
          0.0,
          0.0,
          0.0
        ],
        "1": [
          36.84210526315789,
          36.84210526315789,
          26.31578947368421,
          0.0,
          0.0,
          0.0,
          0.0,
          0.0,
          0.0
        ]
      },
      "zone_partition_type": "thirds_lanes",
      "num_zones": 9
    }
  },
  "processing_time_ms": 6363.933324813843
}