{
  "batch_idx": 3,
  "start_frame": 270,
  "end_frame": 359,
  "chunk_stats": {
    "frames_processed": 90,
    "detections_count": 988,
    "events_count": 1,
    "possession_team": 1,
    "possession_player": 12,
    "spatial": {
      "calibration_valid": true,
      "possession_by_zone": {
        "0": [
          0,
          0,
          0,
          0,
          0,
          0,
          0,
          0,
          0
        ],
        "1": [
          7,
          7,
          1,
          0,
          0,
          0,
          0,
          0,
          0
        ]
      },
      "zone_percentages": {
        "0": [
          0.0,
          0.0,
          0.0,
          0.0,
          0.0,
          0.0,
          0.0,
          0.0,
          0.0
        ],
        "1": [
          46.666666666666664,
          46.666666666666664,
          6.666666666666667,
          0.0,
          0.0,
          0.0,
          0.0,
          0.0,
          0.0
        ]
      },
      "zone_partition_type": "thirds_lanes",
      "num_zones": 9
    }
  },
  "processing_time_ms": 3354.8576831817627
}