{
  "batch_idx": 10,
  "start_frame": 900,
  "end_frame": 989,
  "chunk_stats": {
    "frames_processed": 90,
    "detections_count": 1502,
    "events_count": 3,
    "possession_team": 0,
    "possession_player": 5,
    "spatial": {
      "calibration_valid": true,
      "possession_by_zone": {
        "0": [
          0,
          0,
          0,
          0,
          0,
          0,
          0,
          0,
          0
        ],
        "1": [
          0,
          1,
          0,
          0,
          12,
          7,
          0,
          1,
          0
        ]
      },
      "zone_percentages": {
        "0": [
          0.0,
          0.0,
          0.0,
          0.0,
          0.0,
          0.0,
          0.0,
          0.0,
          0.0
        ],
        "1": [
          0.0,
          4.761904761904762,
          0.0,
          0.0,
          57.14285714285714,
          33.33333333333333,
          0.0,
          4.761904761904762,
          0.0
        ]
      },
      "zone_partition_type": "thirds_lanes",
      "num_zones": 9
    }
  },
  "processing_time_ms": 4593.8756465911865
}