{
  "batch_idx": 13,
  "start_frame": 1170,
  "end_frame": 1259,
  "chunk_stats": {
    "frames_processed": 90,
    "detections_count": 1426,
    "events_count": 1,
    "possession_team": 0,
    "possession_player": 21,
    "spatial": {
      "calibration_valid": true,
      "possession_by_zone": {
        "0": [
          0,
          0,
          0,
          0,
          0,
          0,
          0,
          0,
          0
        ],
        "1": [
          0,
          1,
          0,
          0,
          12,
          7,
          0,
          1,
          0
        ]
      },
      "zone_percentages": {
        "0": [
          0.0,
          0.0,
          0.0,
          0.0,
          0.0,
          0.0,
          0.0,
          0.0,
          0.0
        ],
        "1": [
          0.0,
          4.761904761904762,
          0.0,
          0.0,
          57.14285714285714,
          33.33333333333333,
          0.0,
          4.761904761904762,
          0.0
        ]
      },
      "zone_partition_type": "thirds_lanes",
      "num_zones": 9
    }
  },
  "processing_time_ms": 4823.7199783325195
}