{
  "batch_idx": 32,
  "start_frame": 2880,
  "end_frame": 2969,
  "chunk_stats": {
    "frames_processed": 90,
    "detections_count": 1328,
    "events_count": 3,
    "possession_team": 0,
    "possession_player": 3,
    "spatial": {
      "calibration_valid": true,
      "possession_by_zone": {
        "0": [
          0,
          0,
          0,
          0,
          0,
          0,
          0,
          0,
          0
        ],
        "1": [
          0,
          23,
          0,
          14,
          55,
          7,
          0,
          34,
          11
        ]
      },
      "zone_percentages": {
        "0": [
          0.0,
          0.0,
          0.0,
          0.0,
          0.0,
          0.0,
          0.0,
          0.0,
          0.0
        ],
        "1": [
          0.0,
          15.972222222222221,
          0.0,
          9.722222222222223,
          38.19444444444444,
          4.861111111111112,
          0.0,
          23.61111111111111,
          7.638888888888889
        ]
      },
      "zone_partition_type": "thirds_lanes",
      "num_zones": 9
    }
  },
  "processing_time_ms": 4416.873455047607
}