{
  "batch_idx": 35,
  "start_frame": 3150,
  "end_frame": 3239,
  "chunk_stats": {
    "frames_processed": 90,
    "detections_count": 632,
    "events_count": 0,
    "possession_team": 0,
    "possession_player": 3,
    "spatial": {
      "calibration_valid": true,
      "possession_by_zone": {
        "0": [
          0,
          0,
          0,
          0,
          0,
          0,
          0,
          0,
          0
        ],
        "1": [
          0,
          35,
          0,
          14,
          55,
          7,
          1,
          53,
          19
        ]
      },
      "zone_percentages": {
        "0": [
          0.0,
          0.0,
          0.0,
          0.0,
          0.0,
          0.0,
          0.0,
          0.0,
          0.0
        ],
        "1": [
          0.0,
          19.021739130434785,
          0.0,
          7.608695652173914,
          29.891304347826086,
          3.804347826086957,
          0.5434782608695652,
          28.804347826086957,
          10.326086956521738
        ]
      },
      "zone_partition_type": "thirds_lanes",
      "num_zones": 9
    }
  },
  "processing_time_ms": 3583.980083465576
}