{
  "batch_idx": 34,
  "start_frame": 3060,
  "end_frame": 3149,
  "chunk_stats": {
    "frames_processed": 90,
    "detections_count": 1316,
    "events_count": 2,
    "possession_team": 0,
    "possession_player": 3,
    "spatial": {
      "calibration_valid": true,
      "possession_by_zone": {
        "0": [
          0,
          0,
          0,
          0,
          0,
          0,
          0,
          0,
          0
        ],
        "1": [
          0,
          35,
          0,
          14,
          55,
          7,
          1,
          34,
          19
        ]
      },
      "zone_percentages": {
        "0": [
          0.0,
          0.0,
          0.0,
          0.0,
          0.0,
          0.0,
          0.0,
          0.0,
          0.0
        ],
        "1": [
          0.0,
          21.21212121212121,
          0.0,
          8.484848484848486,
          33.33333333333333,
          4.242424242424243,
          0.6060606060606061,
          20.606060606060606,
          11.515151515151516
        ]
      },
      "zone_partition_type": "thirds_lanes",
      "num_zones": 9
    }
  },
  "processing_time_ms": 4451.797008514404
}