{
  "batch_idx": 14,
  "start_frame": 1260,
  "end_frame": 1349,
  "chunk_stats": {
    "frames_processed": 90,
    "detections_count": 1621,
    "events_count": 1,
    "possession_team": 1,
    "possession_player": null,
    "spatial": {
      "calibration_valid": true,
      "possession_by_zone": {
        "0": [
          0,
          0,
          0,
          0,
          0,
          0,
          0,
          0,
          0
        ],
        "1": [
          0,
          1,
          0,
          0,
          12,
          7,
          0,
          1,
          0
        ]
      },
      "zone_percentages": {
        "0": [
          0.0,
          0.0,
          0.0,
          0.0,
          0.0,
          0.0,
          0.0,
          0.0,
          0.0
        ],
        "1": [
          0.0,
          4.761904761904762,
          0.0,
          0.0,
          57.14285714285714,
          33.33333333333333,
          0.0,
          4.761904761904762,
          0.0
        ]
      },
      "zone_partition_type": "thirds_lanes",
      "num_zones": 9
    }
  },
  "processing_time_ms": 4917.048931121826
}