{
  "batch_idx": 5,
  "start_frame": 450,
  "end_frame": 539,
  "chunk_stats": {
    "frames_processed": 90,
    "detections_count": 1254,
    "events_count": 2,
    "possession_team": 0,
    "possession_player": 5,
    "spatial": {
      "calibration_valid": true,
      "possession_by_zone": {
        "0": [
          0,
          0,
          0,
          0,
          0,
          0,
          0,
          0,
          0
        ],
        "1": [
          0,
          1,
          0,
          0,
          12,
          0,
          0,
          1,
          0
        ]
      },
      "zone_percentages": {
        "0": [
          0.0,
          0.0,
          0.0,
          0.0,
          0.0,
          0.0,
          0.0,
          0.0,
          0.0
        ],
        "1": [
          0.0,
          7.142857142857142,
          0.0,
          0.0,
          85.71428571428571,
          0.0,
          0.0,
          7.142857142857142,
          0.0
        ]
      },
      "zone_partition_type": "thirds_lanes",
      "num_zones": 9
    }
  },
  "processing_time_ms": 4300.885438919067
}