{
  "batch_idx": 24,
  "start_frame": 2160,
  "end_frame": 2249,
  "chunk_stats": {
    "frames_processed": 90,
    "detections_count": 992,
    "events_count": 0,
    "possession_team": 1,
    "possession_player": 15,
    "spatial": {
      "calibration_valid": true,
      "possession_by_zone": {
        "0": [
          0,
          0,
          0,
          0,
          0,
          0,
          0,
          0,
          0
        ],
        "1": [
          0,
          6,
          0,
          14,
          46,
          7,
          0,
          26,
          11
        ]
      },
      "zone_percentages": {
        "0": [
          0.0,
          0.0,
          0.0,
          0.0,
          0.0,
          0.0,
          0.0,
          0.0,
          0.0
        ],
        "1": [
          0.0,
          5.454545454545454,
          0.0,
          12.727272727272727,
          41.81818181818181,
          6.363636363636363,
          0.0,
          23.636363636363637,
          10.0
        ]
      },
      "zone_partition_type": "thirds_lanes",
      "num_zones": 9
    }
  },
  "processing_time_ms": 4156.517744064331
}