{
  "batch_idx": 29,
  "start_frame": 2610,
  "end_frame": 2699,
  "chunk_stats": {
    "frames_processed": 90,
    "detections_count": 1161,
    "events_count": 0,
    "possession_team": 0,
    "possession_player": 16,
    "spatial": {
      "calibration_valid": true,
      "possession_by_zone": {
        "0": [
          0,
          0,
          0,
          0,
          0,
          0,
          0,
          0,
          0
        ],
        "1": [
          0,
          6,
          0,
          14,
          54,
          7,
          0,
          33,
          11
        ]
      },
      "zone_percentages": {
        "0": [
          0.0,
          0.0,
          0.0,
          0.0,
          0.0,
          0.0,
          0.0,
          0.0,
          0.0
        ],
        "1": [
          0.0,
          4.8,
          0.0,
          11.200000000000001,
          43.2,
          5.6000000000000005,
          0.0,
          26.400000000000002,
          8.799999999999999
        ]
      },
      "zone_partition_type": "thirds_lanes",
      "num_zones": 9
    }
  },
  "processing_time_ms": 5237.242698669434
}