{
  "batch_idx": 25,
  "start_frame": 2250,
  "end_frame": 2339,
  "chunk_stats": {
    "frames_processed": 90,
    "detections_count": 141,
    "events_count": 0,
    "possession_team": 1,
    "possession_player": 15,
    "spatial": {
      "calibration_valid": true,
      "possession_by_zone": {
        "0": [
          0,
          0,
          0,
          0,
          0,
          0,
          0,
          0,
          0
        ],
        "1": [
          0,
          6,
          0,
          14,
          54,
          7,
          0,
          33,
          11
        ]
      },
      "zone_percentages": {
        "0": [
          0.0,
          0.0,
          0.0,
          0.0,
          0.0,
          0.0,
          0.0,
          0.0,
          0.0
        ],
        "1": [
          0.0,
          4.8,
          0.0,
          11.200000000000001,
          43.2,
          5.6000000000000005,
          0.0,
          26.400000000000002,
          8.799999999999999
        ]
      },
      "zone_partition_type": "thirds_lanes",
      "num_zones": 9
    }
  },
  "processing_time_ms": 2699.000120162964
}