{
  "batch_idx": 60,
  "start_frame": 5400,
  "end_frame": 5489,
  "chunk_stats": {
    "frames_processed": 90,
    "detections_count": 918,
    "events_count": 2,
    "possession_team": 0,
    "possession_player": 18,
    "spatial": {
      "calibration_valid": true,
      "possession_by_zone": {
        "0": [
          0,
          0,
          0,
          0,
          0,
          0,
          0,
          0,
          0
        ],
        "1": [
          71,
          319,
          147,
          18,
          84,
          96,
          0,
          2,
          47
        ]
      },
      "zone_percentages": {
        "0": [
          0.0,
          0.0,
          0.0,
          0.0,
          0.0,
          0.0,
          0.0,
          0.0,
          0.0
        ],
        "1": [
          9.056122448979592,
          40.68877551020408,
          18.75,
          2.295918367346939,
          10.714285714285714,
          12.244897959183673,
          0.0,
          0.25510204081632654,
          5.994897959183673
        ]
      },
      "zone_partition_type": "thirds_lanes",
      "num_zones": 9
    },
    "alerts": [
      {
        "id": "alert_9_1777029273",
        "timestamp": 1777029273.7154007,
        "frame_id": 5489,
        "type": "possession",
        "severity": "info",
        "title": "\u26a0\ufe0f Dominio del Equipo 0",
        "message": "El Equipo 0 domina claramente la posesi\u00f3n con 71.2% vs 28.8% del rival. Considera ajustar la presi\u00f3n.",
        "team_id": 0,
        "data": {
          "possession_team": 71.2336664104535,
          "possession_opponent": 28.766333589546498,
          "difference": 42.467332820907
        }
      },
      {
        "id": "alert_10_1777029273",
        "timestamp": 1777029273.7154455,
        "frame_id": 5489,
        "type": "zone",
        "severity": "info",
        "title": "\ud83d\udccd Concentraci\u00f3n t\u00e1ctica - Equipo 1",
        "message": "Equipo 1 concentrando su juego en: Zone_1, Zone_2, Zone_5 (72% de la posesi\u00f3n)",
        "team_id": 1,
        "data": {
          "dominant_zones": [
            "Zone_1",
            "Zone_2",
            "Zone_5"
          ],
          "concentration": 0.7168367346938775,
          "pattern": "concentrated"
        }
      }
    ]
  },
  "processing_time_ms": 3692.122459411621
}