{
  "batch_idx": 7,
  "start_frame": 630,
  "end_frame": 719,
  "chunk_stats": {
    "frames_processed": 90,
    "detections_count": 1703,
    "events_count": 2,
    "possession_team": 1,
    "possession_player": 24,
    "spatial": {
      "calibration_valid": true,
      "possession_by_zone": {
        "0": [
          0,
          0,
          0,
          0,
          0,
          0,
          0,
          0,
          0
        ],
        "1": [
          4,
          40,
          16,
          18,
          15,
          0,
          0,
          0,
          0
        ]
      },
      "zone_percentages": {
        "0": [
          0.0,
          0.0,
          0.0,
          0.0,
          0.0,
          0.0,
          0.0,
          0.0,
          0.0
        ],
        "1": [
          4.301075268817205,
          43.01075268817204,
          17.20430107526882,
          19.35483870967742,
          16.129032258064516,
          0.0,
          0.0,
          0.0,
          0.0
        ]
      },
      "zone_partition_type": "thirds_lanes",
      "num_zones": 9
    }
  },
  "processing_time_ms": 6888.96632194519
}