{
  "batch_idx": 57,
  "start_frame": 5130,
  "end_frame": 5219,
  "chunk_stats": {
    "frames_processed": 90,
    "detections_count": 1115,
    "events_count": 1,
    "possession_team": 0,
    "possession_player": 10,
    "spatial": {
      "calibration_valid": true,
      "possession_by_zone": {
        "0": [
          0,
          0,
          0,
          0,
          0,
          0,
          0,
          0,
          0
        ],
        "1": [
          71,
          310,
          140,
          18,
          57,
          96,
          0,
          2,
          47
        ]
      },
      "zone_percentages": {
        "0": [
          0.0,
          0.0,
          0.0,
          0.0,
          0.0,
          0.0,
          0.0,
          0.0,
          0.0
        ],
        "1": [
          9.581646423751687,
          41.83535762483131,
          18.89338731443995,
          2.42914979757085,
          7.6923076923076925,
          12.955465587044534,
          0.0,
          0.2699055330634278,
          6.342780026990553
        ]
      },
      "zone_partition_type": "thirds_lanes",
      "num_zones": 9
    }
  },
  "processing_time_ms": 4585.168361663818
}