{
  "batch_idx": 52,
  "start_frame": 4680,
  "end_frame": 4769,
  "chunk_stats": {
    "frames_processed": 90,
    "detections_count": 817,
    "events_count": 1,
    "possession_team": 0,
    "possession_player": 6,
    "spatial": {
      "calibration_valid": true,
      "possession_by_zone": {
        "0": [
          0,
          0,
          0,
          0,
          0,
          0,
          0,
          0,
          0
        ],
        "1": [
          71,
          284,
          134,
          18,
          39,
          95,
          0,
          2,
          47
        ]
      },
      "zone_percentages": {
        "0": [
          0.0,
          0.0,
          0.0,
          0.0,
          0.0,
          0.0,
          0.0,
          0.0,
          0.0
        ],
        "1": [
          10.289855072463768,
          41.15942028985507,
          19.420289855072465,
          2.608695652173913,
          5.6521739130434785,
          13.768115942028986,
          0.0,
          0.2898550724637681,
          6.811594202898551
        ]
      },
      "zone_partition_type": "thirds_lanes",
      "num_zones": 9
    }
  },
  "processing_time_ms": 3645.040512084961
}