{
  "batch_idx": 50,
  "start_frame": 4500,
  "end_frame": 4589,
  "chunk_stats": {
    "frames_processed": 90,
    "detections_count": 997,
    "events_count": 5,
    "possession_team": 1,
    "possession_player": 17,
    "spatial": {
      "calibration_valid": true,
      "possession_by_zone": {
        "0": [
          0,
          0,
          0,
          0,
          0,
          0,
          0,
          0,
          0
        ],
        "1": [
          71,
          262,
          134,
          18,
          27,
          95,
          0,
          2,
          47
        ]
      },
      "zone_percentages": {
        "0": [
          0.0,
          0.0,
          0.0,
          0.0,
          0.0,
          0.0,
          0.0,
          0.0,
          0.0
        ],
        "1": [
          10.823170731707316,
          39.9390243902439,
          20.426829268292682,
          2.7439024390243905,
          4.115853658536586,
          14.48170731707317,
          0.0,
          0.3048780487804878,
          7.164634146341463
        ]
      },
      "zone_partition_type": "thirds_lanes",
      "num_zones": 9
    }
  },
  "processing_time_ms": 5691.560506820679
}