{
  "batch_idx": 34,
  "start_frame": 3060,
  "end_frame": 3149,
  "chunk_stats": {
    "frames_processed": 90,
    "detections_count": 1337,
    "events_count": 0,
    "possession_team": 1,
    "possession_player": 1,
    "spatial": {
      "calibration_valid": true,
      "possession_by_zone": {
        "0": [
          0,
          0,
          0,
          0,
          0,
          0,
          0,
          0,
          0
        ],
        "1": [
          55,
          209,
          106,
          18,
          25,
          77,
          0,
          2,
          47
        ]
      },
      "zone_percentages": {
        "0": [
          0.0,
          0.0,
          0.0,
          0.0,
          0.0,
          0.0,
          0.0,
          0.0,
          0.0
        ],
        "1": [
          10.204081632653061,
          38.775510204081634,
          19.666048237476808,
          3.339517625231911,
          4.638218923933209,
          14.285714285714285,
          0.0,
          0.3710575139146568,
          8.719851576994433
        ]
      },
      "zone_partition_type": "thirds_lanes",
      "num_zones": 9
    }
  },
  "processing_time_ms": 4539.0379428863525
}