{
  "batch_idx": 62,
  "start_frame": 5580,
  "end_frame": 5669,
  "chunk_stats": {
    "frames_processed": 90,
    "detections_count": 549,
    "events_count": 0,
    "possession_team": 0,
    "possession_player": 1,
    "spatial": {
      "calibration_valid": true,
      "possession_by_zone": {
        "0": [
          0,
          0,
          0,
          0,
          0,
          0,
          0,
          0,
          0
        ],
        "1": [
          71,
          319,
          148,
          18,
          186,
          96,
          0,
          2,
          47
        ]
      },
      "zone_percentages": {
        "0": [
          0.0,
          0.0,
          0.0,
          0.0,
          0.0,
          0.0,
          0.0,
          0.0,
          0.0
        ],
        "1": [
          8.004509582863585,
          35.963923337091316,
          16.685456595264938,
          2.029312288613303,
          20.9695603156708,
          10.822998872604284,
          0.0,
          0.2254791431792559,
          5.2987598647125145
        ]
      },
      "zone_partition_type": "thirds_lanes",
      "num_zones": 9
    }
  },
  "processing_time_ms": 3140.838384628296
}