{
  "batch_idx": 15,
  "start_frame": 1350,
  "end_frame": 1439,
  "chunk_stats": {
    "frames_processed": 90,
    "detections_count": 1751,
    "events_count": 0,
    "possession_team": 0,
    "possession_player": 21,
    "spatial": {
      "calibration_valid": true,
      "possession_by_zone": {
        "0": [
          0,
          0,
          0,
          0,
          0,
          0,
          0,
          0,
          0
        ],
        "1": [
          22,
          170,
          26,
          18,
          15,
          0,
          0,
          0,
          0
        ]
      },
      "zone_percentages": {
        "0": [
          0.0,
          0.0,
          0.0,
          0.0,
          0.0,
          0.0,
          0.0,
          0.0,
          0.0
        ],
        "1": [
          8.764940239043826,
          67.72908366533864,
          10.358565737051793,
          7.171314741035857,
          5.9760956175298805,
          0.0,
          0.0,
          0.0,
          0.0
        ]
      },
      "zone_partition_type": "thirds_lanes",
      "num_zones": 9
    }
  },
  "processing_time_ms": 6561.334848403931
}