{
  "batch_idx": 26,
  "start_frame": 2340,
  "end_frame": 2429,
  "chunk_stats": {
    "frames_processed": 90,
    "detections_count": 994,
    "events_count": 0,
    "possession_team": 1,
    "possession_player": 21,
    "spatial": {
      "calibration_valid": true,
      "possession_by_zone": {
        "0": [
          0,
          0,
          0,
          0,
          0,
          0,
          0,
          0,
          0
        ],
        "1": [
          29,
          176,
          92,
          18,
          23,
          0,
          0,
          0,
          0
        ]
      },
      "zone_percentages": {
        "0": [
          0.0,
          0.0,
          0.0,
          0.0,
          0.0,
          0.0,
          0.0,
          0.0,
          0.0
        ],
        "1": [
          8.579881656804734,
          52.071005917159766,
          27.218934911242602,
          5.325443786982249,
          6.804733727810651,
          0.0,
          0.0,
          0.0,
          0.0
        ]
      },
      "zone_partition_type": "thirds_lanes",
      "num_zones": 9
    }
  },
  "processing_time_ms": 4736.180067062378
}