{
  "batch_idx": 35,
  "start_frame": 3150,
  "end_frame": 3239,
  "chunk_stats": {
    "frames_processed": 90,
    "detections_count": 1245,
    "events_count": 1,
    "possession_team": 0,
    "possession_player": 12,
    "spatial": {
      "calibration_valid": true,
      "possession_by_zone": {
        "0": [
          0,
          0,
          0,
          0,
          0,
          0,
          0,
          0,
          0
        ],
        "1": [
          67,
          209,
          108,
          18,
          25,
          77,
          0,
          2,
          47
        ]
      },
      "zone_percentages": {
        "0": [
          0.0,
          0.0,
          0.0,
          0.0,
          0.0,
          0.0,
          0.0,
          0.0,
          0.0
        ],
        "1": [
          12.115732368896925,
          37.79385171790235,
          19.529837251356238,
          3.25497287522604,
          4.520795660036167,
          13.924050632911392,
          0.0,
          0.3616636528028933,
          8.499095840867993
        ]
      },
      "zone_partition_type": "thirds_lanes",
      "num_zones": 9
    }
  },
  "processing_time_ms": 5389.702558517456
}