{
  "batch_idx": 54,
  "start_frame": 4860,
  "end_frame": 4949,
  "chunk_stats": {
    "frames_processed": 90,
    "detections_count": 597,
    "events_count": 3,
    "possession_team": 0,
    "possession_player": 12,
    "spatial": {
      "calibration_valid": true,
      "possession_by_zone": {
        "0": [
          0,
          0,
          0,
          0,
          0,
          0,
          0,
          0,
          0
        ],
        "1": [
          71,
          284,
          136,
          18,
          39,
          96,
          0,
          2,
          47
        ]
      },
      "zone_percentages": {
        "0": [
          0.0,
          0.0,
          0.0,
          0.0,
          0.0,
          0.0,
          0.0,
          0.0,
          0.0
        ],
        "1": [
          10.245310245310245,
          40.98124098124098,
          19.624819624819626,
          2.5974025974025974,
          5.627705627705628,
          13.852813852813853,
          0.0,
          0.2886002886002886,
          6.782106782106783
        ]
      },
      "zone_partition_type": "thirds_lanes",
      "num_zones": 9
    }
  },
  "processing_time_ms": 4954.641103744507
}