{
  "batch_idx": 8,
  "start_frame": 720,
  "end_frame": 809,
  "chunk_stats": {
    "frames_processed": 90,
    "detections_count": 1371,
    "events_count": 1,
    "possession_team": 0,
    "possession_player": 5,
    "spatial": {
      "calibration_valid": true,
      "possession_by_zone": {
        "0": [
          0,
          0,
          0,
          0,
          0,
          0,
          0,
          0,
          0
        ],
        "1": [
          4,
          109,
          16,
          18,
          15,
          0,
          0,
          0,
          0
        ]
      },
      "zone_percentages": {
        "0": [
          0.0,
          0.0,
          0.0,
          0.0,
          0.0,
          0.0,
          0.0,
          0.0,
          0.0
        ],
        "1": [
          2.4691358024691357,
          67.28395061728395,
          9.876543209876543,
          11.11111111111111,
          9.25925925925926,
          0.0,
          0.0,
          0.0,
          0.0
        ]
      },
      "zone_partition_type": "thirds_lanes",
      "num_zones": 9
    }
  },
  "processing_time_ms": 4967.973947525024
}