{
  "batch_idx": 42,
  "start_frame": 3780,
  "end_frame": 3869,
  "chunk_stats": {
    "frames_processed": 90,
    "detections_count": 1320,
    "events_count": 1,
    "possession_team": 0,
    "possession_player": 12,
    "spatial": {
      "calibration_valid": true,
      "possession_by_zone": {
        "0": [
          0,
          0,
          0,
          0,
          0,
          0,
          0,
          0,
          0
        ],
        "1": [
          71,
          245,
          123,
          18,
          25,
          95,
          0,
          2,
          47
        ]
      },
      "zone_percentages": {
        "0": [
          0.0,
          0.0,
          0.0,
          0.0,
          0.0,
          0.0,
          0.0,
          0.0,
          0.0
        ],
        "1": [
          11.341853035143771,
          39.13738019169329,
          19.64856230031949,
          2.8753993610223643,
          3.993610223642172,
          15.175718849840255,
          0.0,
          0.3194888178913738,
          7.507987220447284
        ]
      },
      "zone_partition_type": "thirds_lanes",
      "num_zones": 9
    }
  },
  "processing_time_ms": 6267.774820327759
}