{
  "batch_idx": 72,
  "start_frame": 6480,
  "end_frame": 6569,
  "chunk_stats": {
    "frames_processed": 90,
    "detections_count": 848,
    "events_count": 2,
    "possession_team": 0,
    "possession_player": 20,
    "spatial": {
      "calibration_valid": true,
      "possession_by_zone": {
        "0": [
          0,
          0,
          0,
          0,
          0,
          0,
          0,
          0,
          0
        ],
        "1": [
          71,
          348,
          148,
          18,
          193,
          96,
          0,
          2,
          47
        ]
      },
      "zone_percentages": {
        "0": [
          0.0,
          0.0,
          0.0,
          0.0,
          0.0,
          0.0,
          0.0,
          0.0,
          0.0
        ],
        "1": [
          7.6923076923076925,
          37.70314192849404,
          16.034669555796317,
          1.9501625135427951,
          20.910075839653306,
          10.400866738894909,
          0.0,
          0.21668472372697722,
          5.092091007583965
        ]
      },
      "zone_partition_type": "thirds_lanes",
      "num_zones": 9
    }
  },
  "processing_time_ms": 3200.8309364318848
}