{
  "batch_idx": 17,
  "start_frame": 1530,
  "end_frame": 1619,
  "chunk_stats": {
    "frames_processed": 90,
    "detections_count": 1989,
    "events_count": 0,
    "possession_team": 0,
    "possession_player": 16,
    "spatial": {
      "calibration_valid": true,
      "possession_by_zone": {
        "0": [
          0,
          0,
          0,
          0,
          0,
          0,
          0,
          0,
          0
        ],
        "1": [
          29,
          173,
          30,
          18,
          23,
          0,
          0,
          0,
          0
        ]
      },
      "zone_percentages": {
        "0": [
          0.0,
          0.0,
          0.0,
          0.0,
          0.0,
          0.0,
          0.0,
          0.0,
          0.0
        ],
        "1": [
          10.622710622710622,
          63.369963369963365,
          10.989010989010989,
          6.593406593406594,
          8.424908424908425,
          0.0,
          0.0,
          0.0,
          0.0
        ]
      },
      "zone_partition_type": "thirds_lanes",
      "num_zones": 9
    }
  },
  "processing_time_ms": 4865.694761276245
}