{
  "batch_idx": 31,
  "start_frame": 2790,
  "end_frame": 2879,
  "chunk_stats": {
    "frames_processed": 90,
    "detections_count": 965,
    "events_count": 1,
    "possession_team": 1,
    "possession_player": 16,
    "spatial": {
      "calibration_valid": true,
      "possession_by_zone": {
        "0": [
          0,
          0,
          0,
          0,
          0,
          0,
          0,
          0,
          0
        ],
        "1": [
          53,
          209,
          105,
          18,
          24,
          12,
          0,
          2,
          20
        ]
      },
      "zone_percentages": {
        "0": [
          0.0,
          0.0,
          0.0,
          0.0,
          0.0,
          0.0,
          0.0,
          0.0,
          0.0
        ],
        "1": [
          11.963882618510159,
          47.17832957110609,
          23.702031602708804,
          4.063205417607223,
          5.417607223476298,
          2.708803611738149,
          0.0,
          0.4514672686230248,
          4.514672686230249
        ]
      },
      "zone_partition_type": "thirds_lanes",
      "num_zones": 9
    }
  },
  "processing_time_ms": 3543.51806640625
}