{
  "batch_idx": 30,
  "start_frame": 2700,
  "end_frame": 2789,
  "chunk_stats": {
    "frames_processed": 90,
    "detections_count": 1103,
    "events_count": 1,
    "possession_team": 1,
    "possession_player": 8,
    "spatial": {
      "calibration_valid": true,
      "possession_by_zone": {
        "0": [
          0,
          0,
          0,
          0,
          0,
          0,
          0,
          0,
          0
        ],
        "1": [
          53,
          199,
          101,
          18,
          24,
          0,
          0,
          2,
          0
        ]
      },
      "zone_percentages": {
        "0": [
          0.0,
          0.0,
          0.0,
          0.0,
          0.0,
          0.0,
          0.0,
          0.0,
          0.0
        ],
        "1": [
          13.350125944584383,
          50.12594458438288,
          25.440806045340054,
          4.534005037783375,
          6.045340050377834,
          0.0,
          0.0,
          0.5037783375314862,
          0.0
        ]
      },
      "zone_partition_type": "thirds_lanes",
      "num_zones": 9
    }
  },
  "processing_time_ms": 3639.761209487915
}