{
  "batch_idx": 55,
  "start_frame": 4950,
  "end_frame": 5039,
  "chunk_stats": {
    "frames_processed": 90,
    "detections_count": 843,
    "events_count": 3,
    "possession_team": 0,
    "possession_player": 3,
    "spatial": {
      "calibration_valid": true,
      "possession_by_zone": {
        "0": [
          0,
          0,
          0,
          0,
          0,
          0,
          0,
          0,
          0
        ],
        "1": [
          71,
          284,
          140,
          18,
          49,
          96,
          0,
          2,
          47
        ]
      },
      "zone_percentages": {
        "0": [
          0.0,
          0.0,
          0.0,
          0.0,
          0.0,
          0.0,
          0.0,
          0.0,
          0.0
        ],
        "1": [
          10.042432814710041,
          40.169731258840166,
          19.801980198019802,
          2.545968882602546,
          6.9306930693069315,
          13.578500707213578,
          0.0,
          0.2828854314002829,
          6.647807637906649
        ]
      },
      "zone_partition_type": "thirds_lanes",
      "num_zones": 9
    }
  },
  "processing_time_ms": 4807.004451751709
}