{
  "batch_idx": 9,
  "start_frame": 810,
  "end_frame": 899,
  "chunk_stats": {
    "frames_processed": 90,
    "detections_count": 1530,
    "events_count": 1,
    "possession_team": 0,
    "possession_player": 12,
    "spatial": {
      "calibration_valid": true,
      "possession_by_zone": {
        "0": [
          0,
          0,
          0,
          0,
          0,
          0,
          0,
          0,
          0
        ],
        "1": [
          4,
          149,
          16,
          18,
          15,
          0,
          0,
          0,
          0
        ]
      },
      "zone_percentages": {
        "0": [
          0.0,
          0.0,
          0.0,
          0.0,
          0.0,
          0.0,
          0.0,
          0.0,
          0.0
        ],
        "1": [
          1.9801980198019802,
          73.76237623762376,
          7.920792079207921,
          8.91089108910891,
          7.425742574257425,
          0.0,
          0.0,
          0.0,
          0.0
        ]
      },
      "zone_partition_type": "thirds_lanes",
      "num_zones": 9
    }
  },
  "processing_time_ms": 4663.873910903931
}