{
  "batch_idx": 56,
  "start_frame": 5040,
  "end_frame": 5129,
  "chunk_stats": {
    "frames_processed": 90,
    "detections_count": 1243,
    "events_count": 1,
    "possession_team": 0,
    "possession_player": 12,
    "spatial": {
      "calibration_valid": true,
      "possession_by_zone": {
        "0": [
          0,
          0,
          0,
          0,
          0,
          0,
          0,
          0,
          0
        ],
        "1": [
          71,
          284,
          140,
          18,
          57,
          96,
          0,
          2,
          47
        ]
      },
      "zone_percentages": {
        "0": [
          0.0,
          0.0,
          0.0,
          0.0,
          0.0,
          0.0,
          0.0,
          0.0,
          0.0
        ],
        "1": [
          9.93006993006993,
          39.72027972027972,
          19.58041958041958,
          2.5174825174825175,
          7.972027972027972,
          13.426573426573427,
          0.0,
          0.27972027972027974,
          6.573426573426573
        ]
      },
      "zone_partition_type": "thirds_lanes",
      "num_zones": 9
    }
  },
  "processing_time_ms": 4079.6496868133545
}