{
  "batch_idx": 73,
  "start_frame": 6570,
  "end_frame": 6659,
  "chunk_stats": {
    "frames_processed": 90,
    "detections_count": 1051,
    "events_count": 1,
    "possession_team": 0,
    "possession_player": 11,
    "spatial": {
      "calibration_valid": true,
      "possession_by_zone": {
        "0": [
          0,
          0,
          0,
          0,
          0,
          0,
          0,
          0,
          0
        ],
        "1": [
          71,
          355,
          148,
          18,
          193,
          96,
          0,
          2,
          47
        ]
      },
      "zone_percentages": {
        "0": [
          0.0,
          0.0,
          0.0,
          0.0,
          0.0,
          0.0,
          0.0,
          0.0,
          0.0
        ],
        "1": [
          7.634408602150537,
          38.17204301075269,
          15.913978494623656,
          1.935483870967742,
          20.75268817204301,
          10.32258064516129,
          0.0,
          0.21505376344086022,
          5.053763440860215
        ]
      },
      "zone_partition_type": "thirds_lanes",
      "num_zones": 9
    }
  },
  "processing_time_ms": 3883.0862045288086
}