{
  "batch_idx": 32,
  "start_frame": 2880,
  "end_frame": 2969,
  "chunk_stats": {
    "frames_processed": 90,
    "detections_count": 1058,
    "events_count": 1,
    "possession_team": 1,
    "possession_player": 20,
    "spatial": {
      "calibration_valid": true,
      "possession_by_zone": {
        "0": [
          0,
          0,
          0,
          0,
          0,
          0,
          0,
          0,
          0
        ],
        "1": [
          53,
          209,
          105,
          18,
          24,
          12,
          0,
          2,
          47
        ]
      },
      "zone_percentages": {
        "0": [
          0.0,
          0.0,
          0.0,
          0.0,
          0.0,
          0.0,
          0.0,
          0.0,
          0.0
        ],
        "1": [
          11.27659574468085,
          44.46808510638298,
          22.340425531914892,
          3.829787234042553,
          5.106382978723404,
          2.553191489361702,
          0.0,
          0.425531914893617,
          10.0
        ]
      },
      "zone_partition_type": "thirds_lanes",
      "num_zones": 9
    }
  },
  "processing_time_ms": 3741.767168045044
}