{
  "batch_idx": 25,
  "start_frame": 2250,
  "end_frame": 2339,
  "chunk_stats": {
    "frames_processed": 90,
    "detections_count": 1658,
    "events_count": 1,
    "possession_team": 1,
    "possession_player": 21,
    "spatial": {
      "calibration_valid": true,
      "possession_by_zone": {
        "0": [
          0,
          0,
          0,
          0,
          0,
          0,
          0,
          0,
          0
        ],
        "1": [
          29,
          176,
          81,
          18,
          23,
          0,
          0,
          0,
          0
        ]
      },
      "zone_percentages": {
        "0": [
          0.0,
          0.0,
          0.0,
          0.0,
          0.0,
          0.0,
          0.0,
          0.0,
          0.0
        ],
        "1": [
          8.868501529051988,
          53.822629969418955,
          24.770642201834864,
          5.5045871559633035,
          7.033639143730887,
          0.0,
          0.0,
          0.0,
          0.0
        ]
      },
      "zone_partition_type": "thirds_lanes",
      "num_zones": 9
    }
  },
  "processing_time_ms": 5038.368701934814
}