{
  "batch_idx": 69,
  "start_frame": 6210,
  "end_frame": 6299,
  "chunk_stats": {
    "frames_processed": 90,
    "detections_count": 105,
    "events_count": 0,
    "possession_team": 0,
    "possession_player": 1,
    "spatial": {
      "calibration_valid": true,
      "possession_by_zone": {
        "0": [
          0,
          0,
          0,
          0,
          0,
          0,
          0,
          0,
          0
        ],
        "1": [
          71,
          341,
          148,
          18,
          193,
          96,
          0,
          2,
          47
        ]
      },
      "zone_percentages": {
        "0": [
          0.0,
          0.0,
          0.0,
          0.0,
          0.0,
          0.0,
          0.0,
          0.0,
          0.0
        ],
        "1": [
          7.751091703056769,
          37.22707423580786,
          16.157205240174672,
          1.9650655021834063,
          21.069868995633186,
          10.480349344978166,
          0.0,
          0.21834061135371177,
          5.131004366812228
        ]
      },
      "zone_partition_type": "thirds_lanes",
      "num_zones": 9
    }
  },
  "processing_time_ms": 3639.1355991363525
}