{
  "batch_idx": 45,
  "start_frame": 4050,
  "end_frame": 4139,
  "chunk_stats": {
    "frames_processed": 90,
    "detections_count": 867,
    "events_count": 0,
    "possession_team": 0,
    "possession_player": 18,
    "spatial": {
      "calibration_valid": true,
      "possession_by_zone": {
        "0": [
          0,
          0,
          0,
          0,
          0,
          0,
          0,
          0,
          0
        ],
        "1": [
          71,
          245,
          126,
          18,
          25,
          95,
          0,
          2,
          47
        ]
      },
      "zone_percentages": {
        "0": [
          0.0,
          0.0,
          0.0,
          0.0,
          0.0,
          0.0,
          0.0,
          0.0,
          0.0
        ],
        "1": [
          11.287758346581876,
          38.950715421303656,
          20.03179650238474,
          2.8616852146263914,
          3.97456279809221,
          15.103338632750399,
          0.0,
          0.3179650238473768,
          7.472178060413355
        ]
      },
      "zone_partition_type": "thirds_lanes",
      "num_zones": 9
    }
  },
  "processing_time_ms": 3254.086494445801
}