{
  "batch_idx": 27,
  "start_frame": 2430,
  "end_frame": 2519,
  "chunk_stats": {
    "frames_processed": 90,
    "detections_count": 1177,
    "events_count": 3,
    "possession_team": 1,
    "possession_player": 10,
    "spatial": {
      "calibration_valid": true,
      "possession_by_zone": {
        "0": [
          0,
          0,
          0,
          0,
          0,
          0,
          0,
          0,
          0
        ],
        "1": [
          29,
          177,
          94,
          18,
          23,
          0,
          0,
          0,
          0
        ]
      },
      "zone_percentages": {
        "0": [
          0.0,
          0.0,
          0.0,
          0.0,
          0.0,
          0.0,
          0.0,
          0.0,
          0.0
        ],
        "1": [
          8.504398826979472,
          51.90615835777126,
          27.56598240469208,
          5.278592375366569,
          6.744868035190615,
          0.0,
          0.0,
          0.0,
          0.0
        ]
      },
      "zone_partition_type": "thirds_lanes",
      "num_zones": 9
    }
  },
  "processing_time_ms": 4518.0699825286865
}