{
  "batch_idx": 12,
  "start_frame": 1080,
  "end_frame": 1169,
  "chunk_stats": {
    "frames_processed": 90,
    "detections_count": 706,
    "events_count": 0,
    "possession_team": 0,
    "possession_player": 15,
    "spatial": {
      "calibration_valid": true,
      "possession_by_zone": {
        "0": [
          0,
          0,
          0,
          0,
          0,
          0,
          0,
          0,
          0
        ],
        "1": [
          4,
          149,
          17,
          18,
          15,
          0,
          0,
          0,
          0
        ]
      },
      "zone_percentages": {
        "0": [
          0.0,
          0.0,
          0.0,
          0.0,
          0.0,
          0.0,
          0.0,
          0.0,
          0.0
        ],
        "1": [
          1.9704433497536946,
          73.39901477832512,
          8.374384236453201,
          8.866995073891626,
          7.389162561576355,
          0.0,
          0.0,
          0.0,
          0.0
        ]
      },
      "zone_partition_type": "thirds_lanes",
      "num_zones": 9
    }
  },
  "processing_time_ms": 2931.288719177246
}