{
  "batch_idx": 22,
  "start_frame": 1980,
  "end_frame": 2069,
  "chunk_stats": {
    "frames_processed": 90,
    "detections_count": 1376,
    "events_count": 2,
    "possession_team": 0,
    "possession_player": 22,
    "spatial": {
      "calibration_valid": true,
      "possession_by_zone": {
        "0": [
          0,
          0,
          0,
          0,
          0,
          0,
          0,
          0,
          0
        ],
        "1": [
          29,
          176,
          59,
          18,
          23,
          0,
          0,
          0,
          0
        ]
      },
      "zone_percentages": {
        "0": [
          0.0,
          0.0,
          0.0,
          0.0,
          0.0,
          0.0,
          0.0,
          0.0,
          0.0
        ],
        "1": [
          9.508196721311474,
          57.70491803278689,
          19.34426229508197,
          5.901639344262295,
          7.540983606557377,
          0.0,
          0.0,
          0.0,
          0.0
        ]
      },
      "zone_partition_type": "thirds_lanes",
      "num_zones": 9
    }
  },
  "processing_time_ms": 7912.342309951782
}