{
  "batch_idx": 19,
  "start_frame": 1710,
  "end_frame": 1799,
  "chunk_stats": {
    "frames_processed": 90,
    "detections_count": 1630,
    "events_count": 0,
    "possession_team": 0,
    "possession_player": 16,
    "spatial": {
      "calibration_valid": true,
      "possession_by_zone": {
        "0": [
          0,
          0,
          0,
          0,
          0,
          0,
          0,
          0,
          0
        ],
        "1": [
          29,
          176,
          32,
          18,
          23,
          0,
          0,
          0,
          0
        ]
      },
      "zone_percentages": {
        "0": [
          0.0,
          0.0,
          0.0,
          0.0,
          0.0,
          0.0,
          0.0,
          0.0,
          0.0
        ],
        "1": [
          10.431654676258994,
          63.30935251798561,
          11.510791366906476,
          6.474820143884892,
          8.273381294964029,
          0.0,
          0.0,
          0.0,
          0.0
        ]
      },
      "zone_partition_type": "thirds_lanes",
      "num_zones": 9
    }
  },
  "processing_time_ms": 4553.946733474731
}