{
  "batch_idx": 61,
  "start_frame": 5490,
  "end_frame": 5579,
  "chunk_stats": {
    "frames_processed": 90,
    "detections_count": 996,
    "events_count": 1,
    "possession_team": 0,
    "possession_player": 1,
    "spatial": {
      "calibration_valid": true,
      "possession_by_zone": {
        "0": [
          0,
          0,
          0,
          0,
          0,
          0,
          0,
          0,
          0
        ],
        "1": [
          71,
          319,
          148,
          18,
          122,
          96,
          0,
          2,
          47
        ]
      },
      "zone_percentages": {
        "0": [
          0.0,
          0.0,
          0.0,
          0.0,
          0.0,
          0.0,
          0.0,
          0.0,
          0.0
        ],
        "1": [
          8.626974483596598,
          38.76063183475091,
          17.98298906439854,
          2.187120291616039,
          14.823815309842042,
          11.66464155528554,
          0.0,
          0.24301336573511542,
          5.710814094775213
        ]
      },
      "zone_partition_type": "thirds_lanes",
      "num_zones": 9
    }
  },
  "processing_time_ms": 3742.0339584350586
}