{
  "batch_idx": 7,
  "start_frame": 630,
  "end_frame": 719,
  "chunk_stats": {
    "frames_processed": 90,
    "detections_count": 1679,
    "events_count": 1,
    "possession_team": 1,
    "possession_player": 7,
    "spatial": {
      "calibration_valid": true,
      "possession_by_zone": {
        "0": [
          0,
          0,
          0,
          0,
          0,
          0,
          0,
          0,
          0
        ],
        "1": [
          17,
          47,
          8,
          7,
          25,
          0,
          0,
          0,
          0
        ]
      },
      "zone_percentages": {
        "0": [
          0.0,
          0.0,
          0.0,
          0.0,
          0.0,
          0.0,
          0.0,
          0.0,
          0.0
        ],
        "1": [
          16.346153846153847,
          45.19230769230769,
          7.6923076923076925,
          6.730769230769231,
          24.03846153846154,
          0.0,
          0.0,
          0.0,
          0.0
        ]
      },
      "zone_partition_type": "thirds_lanes",
      "num_zones": 9
    }
  },
  "processing_time_ms": 4114.041328430176
}