{
  "batch_idx": 145,
  "start_frame": 10875,
  "end_frame": 10949,
  "chunk_stats": {
    "frames_processed": 75,
    "detections_count": 810,
    "events_count": 2,
    "possession_team": 0,
    "possession_player": 2,
    "spatial": {
      "calibration_valid": true,
      "possession_by_zone": {
        "0": [
          0,
          0,
          0,
          0,
          0,
          0,
          0,
          0,
          0
        ],
        "1": [
          79,
          249,
          328,
          37,
          37,
          4,
          0,
          0,
          0
        ]
      },
      "zone_percentages": {
        "0": [
          0.0,
          0.0,
          0.0,
          0.0,
          0.0,
          0.0,
          0.0,
          0.0,
          0.0
        ],
        "1": [
          10.762942779291553,
          33.92370572207085,
          44.6866485013624,
          5.040871934604905,
          5.040871934604905,
          0.544959128065395,
          0.0,
          0.0,
          0.0
        ]
      },
      "zone_partition_type": "thirds_lanes",
      "num_zones": 9
    }
  },
  "processing_time_ms": 3549.105644226074
}