{
  "batch_idx": 98,
  "start_frame": 7350,
  "end_frame": 7424,
  "chunk_stats": {
    "frames_processed": 75,
    "detections_count": 32,
    "events_count": 0,
    "possession_team": 0,
    "possession_player": 15,
    "spatial": {
      "calibration_valid": true,
      "possession_by_zone": {
        "0": [
          0,
          0,
          0,
          0,
          0,
          0,
          0,
          0,
          0
        ],
        "1": [
          31,
          31,
          182,
          0,
          9,
          0,
          0,
          0,
          0
        ]
      },
      "zone_percentages": {
        "0": [
          0.0,
          0.0,
          0.0,
          0.0,
          0.0,
          0.0,
          0.0,
          0.0,
          0.0
        ],
        "1": [
          12.25296442687747,
          12.25296442687747,
          71.93675889328063,
          0.0,
          3.557312252964427,
          0.0,
          0.0,
          0.0,
          0.0
        ]
      },
      "zone_partition_type": "thirds_lanes",
      "num_zones": 9
    }
  },
  "processing_time_ms": 1603.257179260254
}