{
  "batch_idx": 101,
  "start_frame": 7575,
  "end_frame": 7649,
  "chunk_stats": {
    "frames_processed": 75,
    "detections_count": 129,
    "events_count": 0,
    "possession_team": 0,
    "possession_player": 1,
    "spatial": {
      "calibration_valid": true,
      "possession_by_zone": {
        "0": [
          0,
          0,
          0,
          0,
          0,
          0,
          0,
          0,
          0
        ],
        "1": [
          31,
          79,
          230,
          0,
          9,
          0,
          0,
          0,
          0
        ]
      },
      "zone_percentages": {
        "0": [
          0.0,
          0.0,
          0.0,
          0.0,
          0.0,
          0.0,
          0.0,
          0.0,
          0.0
        ],
        "1": [
          8.882521489971348,
          22.636103151862464,
          65.90257879656161,
          0.0,
          2.5787965616045847,
          0.0,
          0.0,
          0.0,
          0.0
        ]
      },
      "zone_partition_type": "thirds_lanes",
      "num_zones": 9
    }
  },
  "processing_time_ms": 1898.0345726013184
}