{
  "batch_idx": 102,
  "start_frame": 7650,
  "end_frame": 7724,
  "chunk_stats": {
    "frames_processed": 75,
    "detections_count": 113,
    "events_count": 2,
    "possession_team": 0,
    "possession_player": 13,
    "spatial": {
      "calibration_valid": true,
      "possession_by_zone": {
        "0": [
          0,
          0,
          0,
          0,
          0,
          0,
          0,
          0,
          0
        ],
        "1": [
          31,
          91,
          238,
          0,
          9,
          0,
          0,
          0,
          0
        ]
      },
      "zone_percentages": {
        "0": [
          0.0,
          0.0,
          0.0,
          0.0,
          0.0,
          0.0,
          0.0,
          0.0,
          0.0
        ],
        "1": [
          8.401084010840108,
          24.661246612466126,
          64.49864498644986,
          0.0,
          2.4390243902439024,
          0.0,
          0.0,
          0.0,
          0.0
        ]
      },
      "zone_partition_type": "thirds_lanes",
      "num_zones": 9
    }
  },
  "processing_time_ms": 1823.298454284668
}