{
  "batch_idx": 121,
  "start_frame": 9075,
  "end_frame": 9149,
  "chunk_stats": {
    "frames_processed": 75,
    "detections_count": 853,
    "events_count": 0,
    "possession_team": 0,
    "possession_player": 15,
    "spatial": {
      "calibration_valid": true,
      "possession_by_zone": {
        "0": [
          0,
          0,
          0,
          0,
          0,
          0,
          0,
          0,
          0
        ],
        "1": [
          79,
          156,
          269,
          0,
          15,
          4,
          0,
          0,
          0
        ]
      },
      "zone_percentages": {
        "0": [
          0.0,
          0.0,
          0.0,
          0.0,
          0.0,
          0.0,
          0.0,
          0.0,
          0.0
        ],
        "1": [
          15.105162523900573,
          29.82791586998088,
          51.434034416826,
          0.0,
          2.8680688336520075,
          0.7648183556405354,
          0.0,
          0.0,
          0.0
        ]
      },
      "zone_partition_type": "thirds_lanes",
      "num_zones": 9
    }
  },
  "processing_time_ms": 3887.71390914917
}