{
  "batch_idx": 135,
  "start_frame": 10125,
  "end_frame": 10199,
  "chunk_stats": {
    "frames_processed": 75,
    "detections_count": 693,
    "events_count": 1,
    "possession_team": 0,
    "possession_player": 7,
    "spatial": {
      "calibration_valid": true,
      "possession_by_zone": {
        "0": [
          0,
          0,
          0,
          0,
          0,
          0,
          0,
          0,
          0
        ],
        "1": [
          79,
          213,
          283,
          0,
          23,
          4,
          0,
          0,
          0
        ]
      },
      "zone_percentages": {
        "0": [
          0.0,
          0.0,
          0.0,
          0.0,
          0.0,
          0.0,
          0.0,
          0.0,
          0.0
        ],
        "1": [
          13.122923588039868,
          35.38205980066445,
          47.00996677740864,
          0.0,
          3.820598006644518,
          0.6644518272425249,
          0.0,
          0.0,
          0.0
        ]
      },
      "zone_partition_type": "thirds_lanes",
      "num_zones": 9
    }
  },
  "processing_time_ms": 3389.223098754883
}