{
  "batch_idx": 129,
  "start_frame": 9675,
  "end_frame": 9749,
  "chunk_stats": {
    "frames_processed": 75,
    "detections_count": 1195,
    "events_count": 1,
    "possession_team": 0,
    "possession_player": 19,
    "spatial": {
      "calibration_valid": true,
      "possession_by_zone": {
        "0": [
          0,
          0,
          0,
          0,
          0,
          0,
          0,
          0,
          0
        ],
        "1": [
          79,
          210,
          269,
          0,
          23,
          4,
          0,
          0,
          0
        ]
      },
      "zone_percentages": {
        "0": [
          0.0,
          0.0,
          0.0,
          0.0,
          0.0,
          0.0,
          0.0,
          0.0,
          0.0
        ],
        "1": [
          13.504273504273504,
          35.8974358974359,
          45.98290598290598,
          0.0,
          3.9316239316239314,
          0.6837606837606838,
          0.0,
          0.0,
          0.0
        ]
      },
      "zone_partition_type": "thirds_lanes",
      "num_zones": 9
    }
  },
  "processing_time_ms": 4287.806987762451
}