{
  "batch_idx": 105,
  "start_frame": 7875,
  "end_frame": 7949,
  "chunk_stats": {
    "frames_processed": 75,
    "detections_count": 79,
    "events_count": 0,
    "possession_team": 0,
    "possession_player": 13,
    "spatial": {
      "calibration_valid": true,
      "possession_by_zone": {
        "0": [
          0,
          0,
          0,
          0,
          0,
          0,
          0,
          0,
          0
        ],
        "1": [
          31,
          91,
          241,
          0,
          9,
          0,
          0,
          0,
          0
        ]
      },
      "zone_percentages": {
        "0": [
          0.0,
          0.0,
          0.0,
          0.0,
          0.0,
          0.0,
          0.0,
          0.0,
          0.0
        ],
        "1": [
          8.333333333333332,
          24.462365591397848,
          64.78494623655914,
          0.0,
          2.4193548387096775,
          0.0,
          0.0,
          0.0,
          0.0
        ]
      },
      "zone_partition_type": "thirds_lanes",
      "num_zones": 9
    }
  },
  "processing_time_ms": 1755.519151687622
}