{
  "batch_idx": 106,
  "start_frame": 7950,
  "end_frame": 8024,
  "chunk_stats": {
    "frames_processed": 75,
    "detections_count": 85,
    "events_count": 0,
    "possession_team": 0,
    "possession_player": 13,
    "spatial": {
      "calibration_valid": true,
      "possession_by_zone": {
        "0": [
          0,
          0,
          0,
          0,
          0,
          0,
          0,
          0,
          0
        ],
        "1": [
          31,
          91,
          259,
          0,
          9,
          0,
          0,
          0,
          0
        ]
      },
      "zone_percentages": {
        "0": [
          0.0,
          0.0,
          0.0,
          0.0,
          0.0,
          0.0,
          0.0,
          0.0,
          0.0
        ],
        "1": [
          7.948717948717948,
          23.333333333333332,
          66.41025641025641,
          0.0,
          2.307692307692308,
          0.0,
          0.0,
          0.0,
          0.0
        ]
      },
      "zone_partition_type": "thirds_lanes",
      "num_zones": 9
    }
  },
  "processing_time_ms": 3410.17746925354
}