{
  "batch_idx": 134,
  "start_frame": 10050,
  "end_frame": 10124,
  "chunk_stats": {
    "frames_processed": 75,
    "detections_count": 907,
    "events_count": 3,
    "possession_team": 0,
    "possession_player": 6,
    "spatial": {
      "calibration_valid": true,
      "possession_by_zone": {
        "0": [
          0,
          0,
          0,
          0,
          0,
          0,
          0,
          0,
          0
        ],
        "1": [
          79,
          213,
          277,
          0,
          23,
          4,
          0,
          0,
          0
        ]
      },
      "zone_percentages": {
        "0": [
          0.0,
          0.0,
          0.0,
          0.0,
          0.0,
          0.0,
          0.0,
          0.0,
          0.0
        ],
        "1": [
          13.25503355704698,
          35.738255033557046,
          46.4765100671141,
          0.0,
          3.859060402684564,
          0.6711409395973155,
          0.0,
          0.0,
          0.0
        ]
      },
      "zone_partition_type": "thirds_lanes",
      "num_zones": 9
    }
  },
  "processing_time_ms": 4147.2883224487305
}