{
  "batch_idx": 73,
  "start_frame": 5475,
  "end_frame": 5549,
  "chunk_stats": {
    "frames_processed": 75,
    "detections_count": 92,
    "events_count": 0,
    "possession_team": 1,
    "possession_player": 11,
    "spatial": {
      "calibration_valid": true,
      "possession_by_zone": {
        "0": [
          0,
          0,
          0,
          0,
          0,
          0,
          0,
          0,
          0
        ],
        "1": [
          9,
          17,
          8,
          0,
          9,
          0,
          0,
          0,
          0
        ]
      },
      "zone_percentages": {
        "0": [
          0.0,
          0.0,
          0.0,
          0.0,
          0.0,
          0.0,
          0.0,
          0.0,
          0.0
        ],
        "1": [
          20.930232558139537,
          39.53488372093023,
          18.6046511627907,
          0.0,
          20.930232558139537,
          0.0,
          0.0,
          0.0,
          0.0
        ]
      },
      "zone_partition_type": "thirds_lanes",
      "num_zones": 9
    }
  },
  "processing_time_ms": 1914.383888244629
}