{
  "batch_idx": 146,
  "start_frame": 10950,
  "end_frame": 11024,
  "chunk_stats": {
    "frames_processed": 75,
    "detections_count": 985,
    "events_count": 1,
    "possession_team": 0,
    "possession_player": 16,
    "spatial": {
      "calibration_valid": true,
      "possession_by_zone": {
        "0": [
          0,
          0,
          0,
          0,
          0,
          0,
          0,
          0,
          0
        ],
        "1": [
          79,
          249,
          335,
          37,
          37,
          9,
          0,
          0,
          0
        ]
      },
      "zone_percentages": {
        "0": [
          0.0,
          0.0,
          0.0,
          0.0,
          0.0,
          0.0,
          0.0,
          0.0,
          0.0
        ],
        "1": [
          10.589812332439678,
          33.37801608579088,
          44.90616621983914,
          4.959785522788204,
          4.959785522788204,
          1.2064343163538873,
          0.0,
          0.0,
          0.0
        ]
      },
      "zone_partition_type": "thirds_lanes",
      "num_zones": 9
    }
  },
  "processing_time_ms": 3558.9730739593506
}