{
  "batch_idx": 150,
  "start_frame": 11250,
  "end_frame": 11324,
  "chunk_stats": {
    "frames_processed": 75,
    "detections_count": 948,
    "events_count": 0,
    "possession_team": 0,
    "possession_player": 7,
    "spatial": {
      "calibration_valid": true,
      "possession_by_zone": {
        "0": [
          0,
          0,
          0,
          0,
          0,
          0,
          0,
          0,
          0
        ],
        "1": [
          89,
          254,
          335,
          37,
          52,
          9,
          0,
          0,
          0
        ]
      },
      "zone_percentages": {
        "0": [
          0.0,
          0.0,
          0.0,
          0.0,
          0.0,
          0.0,
          0.0,
          0.0,
          0.0
        ],
        "1": [
          11.469072164948454,
          32.7319587628866,
          43.170103092783506,
          4.768041237113402,
          6.701030927835052,
          1.1597938144329898,
          0.0,
          0.0,
          0.0
        ]
      },
      "zone_partition_type": "thirds_lanes",
      "num_zones": 9
    }
  },
  "processing_time_ms": 3655.6639671325684
}