{
  "batch_idx": 99,
  "start_frame": 7425,
  "end_frame": 7499,
  "chunk_stats": {
    "frames_processed": 75,
    "detections_count": 177,
    "events_count": 1,
    "possession_team": 0,
    "possession_player": 13,
    "spatial": {
      "calibration_valid": true,
      "possession_by_zone": {
        "0": [
          0,
          0,
          0,
          0,
          0,
          0,
          0,
          0,
          0
        ],
        "1": [
          31,
          51,
          230,
          0,
          9,
          0,
          0,
          0,
          0
        ]
      },
      "zone_percentages": {
        "0": [
          0.0,
          0.0,
          0.0,
          0.0,
          0.0,
          0.0,
          0.0,
          0.0,
          0.0
        ],
        "1": [
          9.657320872274143,
          15.887850467289718,
          71.65109034267913,
          0.0,
          2.803738317757009,
          0.0,
          0.0,
          0.0,
          0.0
        ]
      },
      "zone_partition_type": "thirds_lanes",
      "num_zones": 9
    }
  },
  "processing_time_ms": 1867.027997970581
}