{
  "batch_idx": 138,
  "start_frame": 10350,
  "end_frame": 10424,
  "chunk_stats": {
    "frames_processed": 75,
    "detections_count": 1073,
    "events_count": 5,
    "possession_team": 0,
    "possession_player": 22,
    "spatial": {
      "calibration_valid": true,
      "possession_by_zone": {
        "0": [
          0,
          0,
          0,
          0,
          0,
          0,
          0,
          0,
          0
        ],
        "1": [
          79,
          241,
          310,
          0,
          37,
          4,
          0,
          0,
          0
        ]
      },
      "zone_percentages": {
        "0": [
          0.0,
          0.0,
          0.0,
          0.0,
          0.0,
          0.0,
          0.0,
          0.0,
          0.0
        ],
        "1": [
          11.773472429210134,
          35.91654247391952,
          46.19970193740686,
          0.0,
          5.514157973174367,
          0.5961251862891207,
          0.0,
          0.0,
          0.0
        ]
      },
      "zone_partition_type": "thirds_lanes",
      "num_zones": 9
    }
  },
  "processing_time_ms": 6062.67523765564
}