{
  "batch_idx": 77,
  "start_frame": 5775,
  "end_frame": 5849,
  "chunk_stats": {
    "frames_processed": 75,
    "detections_count": 445,
    "events_count": 0,
    "possession_team": 1,
    "possession_player": 11,
    "spatial": {
      "calibration_valid": true,
      "possession_by_zone": {
        "0": [
          0,
          0,
          0,
          0,
          0,
          0,
          0,
          0,
          0
        ],
        "1": [
          30,
          18,
          99,
          0,
          9,
          0,
          0,
          0,
          0
        ]
      },
      "zone_percentages": {
        "0": [
          0.0,
          0.0,
          0.0,
          0.0,
          0.0,
          0.0,
          0.0,
          0.0,
          0.0
        ],
        "1": [
          19.230769230769234,
          11.538461538461538,
          63.46153846153846,
          0.0,
          5.769230769230769,
          0.0,
          0.0,
          0.0,
          0.0
        ]
      },
      "zone_partition_type": "thirds_lanes",
      "num_zones": 9
    }
  },
  "processing_time_ms": 3327.482223510742
}