{
  "batch_idx": 79,
  "start_frame": 5925,
  "end_frame": 5999,
  "chunk_stats": {
    "frames_processed": 75,
    "detections_count": 383,
    "events_count": 0,
    "possession_team": 0,
    "possession_player": 15,
    "spatial": {
      "calibration_valid": true,
      "possession_by_zone": {
        "0": [
          0,
          0,
          0,
          0,
          0,
          0,
          0,
          0,
          0
        ],
        "1": [
          31,
          31,
          164,
          0,
          9,
          0,
          0,
          0,
          0
        ]
      },
      "zone_percentages": {
        "0": [
          0.0,
          0.0,
          0.0,
          0.0,
          0.0,
          0.0,
          0.0,
          0.0,
          0.0
        ],
        "1": [
          13.191489361702127,
          13.191489361702127,
          69.7872340425532,
          0.0,
          3.829787234042553,
          0.0,
          0.0,
          0.0,
          0.0
        ]
      },
      "zone_partition_type": "thirds_lanes",
      "num_zones": 9
    }
  },
  "processing_time_ms": 2576.00736618042
}