{
  "batch_idx": 152,
  "start_frame": 11400,
  "end_frame": 11474,
  "chunk_stats": {
    "frames_processed": 75,
    "detections_count": 520,
    "events_count": 0,
    "possession_team": 0,
    "possession_player": 7,
    "spatial": {
      "calibration_valid": true,
      "possession_by_zone": {
        "0": [
          0,
          0,
          0,
          0,
          0,
          0,
          0,
          0,
          0
        ],
        "1": [
          89,
          272,
          373,
          37,
          52,
          9,
          0,
          0,
          0
        ]
      },
      "zone_percentages": {
        "0": [
          0.0,
          0.0,
          0.0,
          0.0,
          0.0,
          0.0,
          0.0,
          0.0,
          0.0
        ],
        "1": [
          10.697115384615383,
          32.69230769230769,
          44.831730769230774,
          4.447115384615385,
          6.25,
          1.0817307692307692,
          0.0,
          0.0,
          0.0
        ]
      },
      "zone_partition_type": "thirds_lanes",
      "num_zones": 9
    }
  },
  "processing_time_ms": 2793.854236602783
}