{
  "batch_idx": 78,
  "start_frame": 5850,
  "end_frame": 5924,
  "chunk_stats": {
    "frames_processed": 75,
    "detections_count": 432,
    "events_count": 4,
    "possession_team": 0,
    "possession_player": 15,
    "spatial": {
      "calibration_valid": true,
      "possession_by_zone": {
        "0": [
          0,
          0,
          0,
          0,
          0,
          0,
          0,
          0,
          0
        ],
        "1": [
          31,
          31,
          154,
          0,
          9,
          0,
          0,
          0,
          0
        ]
      },
      "zone_percentages": {
        "0": [
          0.0,
          0.0,
          0.0,
          0.0,
          0.0,
          0.0,
          0.0,
          0.0,
          0.0
        ],
        "1": [
          13.777777777777779,
          13.777777777777779,
          68.44444444444444,
          0.0,
          4.0,
          0.0,
          0.0,
          0.0,
          0.0
        ]
      },
      "zone_partition_type": "thirds_lanes",
      "num_zones": 9
    }
  },
  "processing_time_ms": 2368.9141273498535
}