{
  "batch_idx": 136,
  "start_frame": 10200,
  "end_frame": 10274,
  "chunk_stats": {
    "frames_processed": 75,
    "detections_count": 820,
    "events_count": 4,
    "possession_team": 0,
    "possession_player": 15,
    "spatial": {
      "calibration_valid": true,
      "possession_by_zone": {
        "0": [
          0,
          0,
          0,
          0,
          0,
          0,
          0,
          0,
          0
        ],
        "1": [
          79,
          232,
          284,
          0,
          34,
          4,
          0,
          0,
          0
        ]
      },
      "zone_percentages": {
        "0": [
          0.0,
          0.0,
          0.0,
          0.0,
          0.0,
          0.0,
          0.0,
          0.0,
          0.0
        ],
        "1": [
          12.480252764612953,
          36.65086887835703,
          44.86571879936809,
          0.0,
          5.371248025276461,
          0.631911532385466,
          0.0,
          0.0,
          0.0
        ]
      },
      "zone_partition_type": "thirds_lanes",
      "num_zones": 9
    }
  },
  "processing_time_ms": 3257.0154666900635
}