{
  "batch_idx": 75,
  "start_frame": 5625,
  "end_frame": 5699,
  "chunk_stats": {
    "frames_processed": 75,
    "detections_count": 121,
    "events_count": 0,
    "possession_team": 1,
    "possession_player": 11,
    "spatial": {
      "calibration_valid": true,
      "possession_by_zone": {
        "0": [
          0,
          0,
          0,
          0,
          0,
          0,
          0,
          0,
          0
        ],
        "1": [
          27,
          18,
          35,
          0,
          9,
          0,
          0,
          0,
          0
        ]
      },
      "zone_percentages": {
        "0": [
          0.0,
          0.0,
          0.0,
          0.0,
          0.0,
          0.0,
          0.0,
          0.0,
          0.0
        ],
        "1": [
          30.337078651685395,
          20.224719101123593,
          39.325842696629216,
          0.0,
          10.112359550561797,
          0.0,
          0.0,
          0.0,
          0.0
        ]
      },
      "zone_partition_type": "thirds_lanes",
      "num_zones": 9
    }
  },
  "processing_time_ms": 4032.2115421295166
}