{
  "batch_idx": 144,
  "start_frame": 10800,
  "end_frame": 10874,
  "chunk_stats": {
    "frames_processed": 75,
    "detections_count": 909,
    "events_count": 1,
    "possession_team": 0,
    "possession_player": 14,
    "spatial": {
      "calibration_valid": true,
      "possession_by_zone": {
        "0": [
          0,
          0,
          0,
          0,
          0,
          0,
          0,
          0,
          0
        ],
        "1": [
          79,
          249,
          314,
          37,
          37,
          4,
          0,
          0,
          0
        ]
      },
      "zone_percentages": {
        "0": [
          0.0,
          0.0,
          0.0,
          0.0,
          0.0,
          0.0,
          0.0,
          0.0,
          0.0
        ],
        "1": [
          10.972222222222221,
          34.583333333333336,
          43.611111111111114,
          5.138888888888888,
          5.138888888888888,
          0.5555555555555556,
          0.0,
          0.0,
          0.0
        ]
      },
      "zone_partition_type": "thirds_lanes",
      "num_zones": 9
    }
  },
  "processing_time_ms": 3750.373363494873
}