{
  "batch_idx": 97,
  "start_frame": 7275,
  "end_frame": 7349,
  "chunk_stats": {
    "frames_processed": 75,
    "detections_count": 83,
    "events_count": 0,
    "possession_team": 0,
    "possession_player": 15,
    "spatial": {
      "calibration_valid": true,
      "possession_by_zone": {
        "0": [
          0,
          0,
          0,
          0,
          0,
          0,
          0,
          0,
          0
        ],
        "1": [
          31,
          31,
          172,
          0,
          9,
          0,
          0,
          0,
          0
        ]
      },
      "zone_percentages": {
        "0": [
          0.0,
          0.0,
          0.0,
          0.0,
          0.0,
          0.0,
          0.0,
          0.0,
          0.0
        ],
        "1": [
          12.757201646090536,
          12.757201646090536,
          70.78189300411523,
          0.0,
          3.7037037037037033,
          0.0,
          0.0,
          0.0,
          0.0
        ]
      },
      "zone_partition_type": "thirds_lanes",
      "num_zones": 9
    }
  },
  "processing_time_ms": 1638.5326385498047
}